province	province_id	division	ps_id	num	name	lat	lng	phone_mobile	phone_office	fax
Western	LK-1	Colombo Central	PS-1001	1	Pettah	6.9364411	79.84979849999999	071-8591555	011-2323677	011-2421515
Western	LK-1	Colombo Central	PS-1002	2	Keselwatta	6.934854	79.85893519999999	071-8591556	011-2384091	011-2421944
Western	LK-1	Colombo Central	PS-1003	3	Dam Street	6.938267499999999	79.8563798	071-8591557	-	011-2432612
Western	LK-1	Colombo Central	PS-1004	4	Woulfendal	6.9095122	79.89515639999999	071-8591558	-	011-2323356
Western	LK-1	Colombo Central	PS-1005	5	Fort	6.933400199999999	79.8428946	071-8591560	011-2432635	011-2433744
Western	LK-1	Colombo Central	PS-1006	6	Slave Island	6.927317	79.8490036	071-8591561	011-2384382	011-2433829
Western	LK-1	Colombo Central	PS-1007	7	Maradana	6.9279389	79.8654711	071-8591563	011-2692888	011-2692748
Western	LK-1	Colombo Central	PS-1008	8	Maligawatta	6.934132399999999	79.8563053	071-8591564	011-2342041	011-2434135
Western	LK-1	Colombo North	PS-1009	9	Colombo Harbour	6.9411632	79.84274289999999	071-8591567	011-2328903	011-2320980
Western	LK-1	Colombo North	PS-1010	10	Fore shore	6.949588899999999	79.8573546	071-8591568	011-2436349	011-2434595
Western	LK-1	Colombo North	PS-1011	11	Modara	6.9648458	79.8685442	071-8591570	011-2523058	011-2524411
Western	LK-1	Colombo North	PS-1012	12	Kotahena	6.950878599999999	79.86249579999999	071-8591571	011-2435653	011-2431861
Western	LK-1	Colombo North	PS-1013	13	Mattakkuliya	6.9760103	79.8797565	071-8591572	-	011-2521761
Western	LK-1	Colombo North	PS-1014	14	Bluemandal	6.9330754	79.857181	071-8591573	-	011-2522733
Western	LK-1	Colombo North	PS-1015	15	Grandpass	6.9490522	79.8729828	071-8591575	011-2436258	011-2421414
Western	LK-1	Colombo North	PS-1016	16	Dematagoda	6.9303851	79.8771612	071-8591576	011-2693319	011-2693838
Western	LK-1	Colombo South	PS-1017	17	Kollupitiya	6.9141145	79.849048	071-8591579	011-2320131	011-2323689
Western	LK-1	Colombo South	PS-1018	18	Bambalapitiya	6.8920723	79.8557755	071-8591580	011-2583208	011-2588680
Western	LK-1	Colombo South	PS-1019	19	Kirulapone	6.8781222	79.8741591	071-8591582	011-2514634	011-2513531
Western	LK-1	Colombo South	PS-1020	20	Wellawatta	6.8731075	79.86167019999999	071-8591583	011-2364860	011-2588212
Western	LK-1	Colombo South	PS-1021	21	Narahenpita	6.891832099999999	79.87671499999999	071-8591584	011-2588638	011-2368242
Western	LK-1	Colombo South	PS-1022	22	BMICH	6.9095122	79.89515639999999	071-8591586	011-2691140	011-2691132
Western	LK-1	Colombo South	PS-1023	23	Borella	6.9152663	79.8782896	071-8591587	011-2694019	011-2693938
Western	LK-1	Colombo South	PS-1024	24	Cinnamon Garden	6.9072887	79.86381899999999	071-8591588	011-2693377	011-2695411
Western	LK-1	Kelaniya	PS-1025	25	Peliyagoda	6.9551929	79.8861198	071-8591592	011-2910608	011-2911222
Western	LK-1	Kelaniya	PS-1026	26	Kelaniya	6.950251499999999	79.9174586	071-8591593	011-2914666	011-2911922
Western	LK-1	Kelaniya	PS-1027	27	Kandana	7.0488309	79.8974076	071-8591595	011-2236895	011-2236333
Western	LK-1	Kelaniya	PS-1028	28	Wattala	6.993713	79.89450610000002	071-8591596	011-2932222	011-2930222
Western	LK-1	Kelaniya	PS-1029	29	Mahabage	7.0147396	79.898434	071-8591597	-	011-2948469
Western	LK-1	Kelaniya	PS-1030	30	Sapugaskanda	6.970586	79.95358809999999	071-8591599	011-2400316	011-2400315
Western	LK-1	Kelaniya	PS-1031	31	Biyagama	6.962283999999999	80.0090367	071-8591600	011-2487306	011-2487574
Western	LK-1	Kelaniya	PS-1032	32	Meegahawatta	6.988968	80.000356	071-8591601	-	011-2977233
Western	LK-1	Kelaniya	PS-1033	33	Ja - Ela	7.0810553	79.8905036	071-8591603	011-2236131	011-2236222
Western	LK-1	Kelaniya	PS-1034	34	Ragama	7.0349751	79.9241477	071-8591604	011-2957197	011-2958222
Western	LK-1	Kelaniya	PS-1035	35	Kiribathgoda	6.978004599999999	79.929433	071-8591606	011-2910494	011-2914985
Western	LK-1	Kelaniya	PS-1036	36	Kadawatha	7.0015198	79.95003000000001	071-8591607	011-2925258	011-2925222
Western	LK-1	Gampaha	PS-1037	37	Gampaha	7.0877653	80.0122797	071-8591611	033-2222226	033-2222224
Western	LK-1	Gampaha	PS-1038	38	Minuwangoda	7.1742149	79.9578738	071-8591612	011-2295223	011-2295222
Western	LK-1	Gampaha	PS-1039	39	Kirindiwela	7.043010799999999	80.1204492	071-8591614	033-2267445	033-2267222
Western	LK-1	Gampaha	PS-1040	40	Dompe	6.9491115	80.0577271	071-8591615	011-2409922	011-2409222
Western	LK-1	Gampaha	PS-1041	41	Pugoda	6.982829799999999	80.1111894	071-8591616	011-2405222	011-2405224
Western	LK-1	Gampaha	PS-1042	42	Ganemulla	7.066803999999999	79.9597508	071-8591618	033-2260911	033-2260222
Western	LK-1	Gampaha	PS-1043	43	Weeragula	7.0971557	80.0603986	071-8591619	033-2278020	033-2279442
Western	LK-1	Gampaha	PS-1044	44	Weliweriya	7.0345099	80.0261137	071-8591620	033-2256105	033-2255222
Western	LK-1	Gampaha	PS-1045	45	Malwathuhiripitiya	7.0542877	80.0693652	071-8591621	-	033-2278800
Western	LK-1	Gampaha	PS-1046	46	Nittambuwa	7.1497258	80.10046009999999	071-8591623	033-2287225	033-2287224
Western	LK-1	Gampaha	PS-1047	47	Weyangoda	7.1440531	80.09551139999999	071-8591624	033-2287223	033-2287222
Western	LK-1	Gampaha	PS-1048	48	Meerigama	7.2451692	80.12864739999999	071-8591625	033-2274322	033-2273222
Western	LK-1	Gampaha	PS-1049	49	Pallewela	7.197364799999999	80.0948561	071-8592152	033-2271416	033-2271413
Western	LK-1	Gampaha	PS-1050	50	Yakkala	7.0766215	80.0206546	071-8592153	-	033-2225924
Western	LK-1	Negombo	PS-1051	51	Negombo	7.2247964	79.88001469999999	071-8591630	031-2224289	031-2222222
Western	LK-1	Negombo	PS-1052	52	Kochchikade	7.265049400000001	79.8570264	071-8591631	031-2276338	031-2277222
Western	LK-1	Negombo	PS-1053	53	Pamunugama	7.0788917	79.8596955	071-8591633	011-2243494	011-2236340
Western	LK-1	Negombo	PS-1054	54	Kotadeniyawa	7.2836433	80.0664895	071-8591634	033-2240050	033-2272222
Western	LK-1	Negombo	PS-1055	55	Diulapitiya	7.1742149	79.9578738	071-8591635	031-2247256	031-2246222
Western	LK-1	Negombo	PS-1056	56	Seeduwa	7.1287213	79.8773709	071-8591637	011-2253522	011-2253522
Western	LK-1	Negombo	PS-1057	57	Raddolugama	7.140613200000001	79.90024919999999	071-8591638	-	011-2292857
Western	LK-1	Negombo	PS-1058	58	Katunayaka	7.1658979	79.88260729999999	071-8591639	011-2252223	011-2252222
Western	LK-1	Negombo	PS-1060	60	Katana	7.2247964	79.88001469999999	071-8591710	031-2227740	031-2227735
Western	LK-1	Negombo	PS-1061	61	Dungalpitiya	7.139226499999999	79.8335427	071-8592186	031-2230889	031-2230888
Western	LK-1	Nugegoda	PS-1062	62	Mirihana	6.8737138	79.9017235	071-8591644	011-2854853	011-2828566
Western	LK-1	Nugegoda	PS-1063	63	Maharagama	6.8454219	79.92892839999999	071-8591645	011-2850700	011-2850222
Western	LK-1	Nugegoda	PS-1064	64	Boralesgamuwa	6.8413308	79.9012553	071-8591646	011-2150779	011-2509461
Western	LK-1	Nugegoda	PS-1065	65	Wellampitiya	6.937514299999999	79.89629819999999	071-8591648	011-2695719	011-2572222
Western	LK-1	Nugegoda	PS-1066	66	Thalangama	6.9108901	79.9293251	071-8591649	011-2789249	011-2788079
Western	LK-1	Nugegoda	PS-1067	67	Welikada	6.9095122	79.89515639999999	071-8591650	011-2864060	011-2862522
Western	LK-1	Nugegoda	PS-1068	68	Nawagamuwa	6.9251691	80.0172066	071-8591652	011-2415212	011-2415222
Western	LK-1	Nugegoda	PS-1069	69	Mulleriyawa	6.9271866	79.92910789999999	071-8591653	-	011-2578279
Western	LK-1	Nugegoda	PS-1070	70	Homagama	6.8361548	80.0034745	071-8591655	011-2855211	011-2855222
Western	LK-1	Nugegoda	PS-1071	71	Kottawa	6.8413325	79.9635531	071-8591656	-	011-2782760
Western	LK-1	Nugegoda	PS-1072	72	Athurugiriya	6.872311499999999	79.9961062	071-8591657	011-2561202	011-2561222
Western	LK-1	Nugegoda	PS-1073	73	Padukka	6.842194999999999	80.09247049999999	071-8591659	011-2859110	011-2859027
Western	LK-1	Nugegoda	PS-1074	74	Hanwella	6.900815499999999	80.0874955	071-8591660	036-2253982	036-2255222
Western	LK-1	Nugegoda	PS-1075	75	Gothatuwa	6.9226166	79.9134752	071-8592154	011-2411131	011-2411146
Western	LK-1	Nugegoda	PS-1076	76	Meepe	6.854507799999999	80.0544421	071-8592179	-	011-2175450
Western	LK-1	Mount Lavinia	PS-1077	77	Mount Lavinia	6.8250065	79.87009019999999	071-8591664	011-2729622	011-2738351
Western	LK-1	Mount Lavinia	PS-1078	78	Piliyandala	6.8021493	79.9225651	071-8591665	011-2614258	011-2614222
Western	LK-1	Mount Lavinia	PS-1079	79	Angulana	6.8057748	79.869788	071-8591666	-	011-2626357
Western	LK-1	Mount Lavinia	PS-1080	80	Dehiwala	6.850087599999999	79.8716965	071-8591668	011-2713322	011-2738222
Western	LK-1	Mount Lavinia	PS-1081	81	Kohuwala	6.8673173	79.8836484	071-8591669	011-2853929	011-2852621
Western	LK-1	Mount Lavinia	PS-1082	82	Moratuwa	6.7729491	79.8850477	071-8591671	011-2645215	011-2645222
Western	LK-1	Mount Lavinia	PS-1083	83	Kahathuduwa	6.7831484	79.9860139	071-8591672	011-2705544	011-2705233
Western	LK-1	Mount Lavinia	PS-1084	84	Moratumulla	6.787303499999999	79.89506469999999	071-8591673	-	011-2653143
Western	LK-1	Mount Lavinia	PS-1085	85	Egoda Uyana	6.725967700000001	79.90114489999999	071-8592180	-	011-2659796
Western	LK-1	Panadura	PS-1086	86	Panadura South	6.7209414	79.9073149	071-8591677	038-2232576	038-2232222
Western	LK-1	Panadura	PS-1087	87	Panadura North	6.7496727	79.9002474	071-8591678	038-2297804	038-2233204
Western	LK-1	Panadura	PS-1088	88	Wadduwa	6.6644027	79.9298512	071-8591679	038-2284855	038-2232522
Western	LK-1	Panadura	PS-1089	89	Bandaragama	6.7151786	79.98767420000001	071-8591681	038-2293922	038-2290222
Western	LK-1	Panadura	PS-1090	90	Anguruwatota	6.654997400000001	80.05818289999999	071-8591682	034-2251420	034-2251344
Western	LK-1	Panadura	PS-1091	91	Millaniya	6.681692099999999	80.0208468	071-8591683	034-2252722	034-2252222
Western	LK-1	Panadura	PS-1092	92	Horana	6.7146133	80.0690912	071-8591685	034-2261223	034-2261222
Western	LK-1	Panadura	PS-1093	93	Ingiriya	6.7436139	80.1750771	071-8591686	034-2269223	034-2269222
Western	LK-1	Panadura	PS-1094	94	Moragahahena	6.785840299999999	80.0652212	071-8591687	034-2253253	034-2254524
Western	LK-1	Panadura	PS-1095	95	Moronthuduwa	6.660211899999999	79.9728178	071-8592138	-	038-2295599
Western	LK-1	Kalutara	PS-1096	96	Kalutara South	6.584860099999999	79.96104319999999	071-8591691	034-2222226	034-2222223
Western	LK-1	Kalutara	PS-1097	97	Kalutara North	6.602049399999999	79.95604159999999	071-8591692	034-2237841	034-2237225
Western	LK-1	Kalutara	PS-1098	98	Payagala	6.5411438	79.9748549	071-8591694	034-2222751	034-2222750
Western	LK-1	Kalutara	PS-1099	99	Dodangoda	6.553374799999999	80.0235692	071-8591695	-	034-2281622
Western	LK-1	Kalutara	PS-1100	100	Aluthgama	6.4328421	79.9980319	071-8591697	034-2271350	034-2275222
Western	LK-1	Kalutara	PS-1101	101	Welipanna	6.4674282	80.1083135	071-8591698	-	034-2274423
Western	LK-1	Kalutara	PS-1102	102	Beruwala	6.4803295	79.98349759999999	071-8591699	034-2279966	034-2276322
Western	LK-1	Kalutara	PS-1103	103	Mathugama	6.520880699999999	80.117908	071-8591701	034-2247120	034-2247222
Western	LK-1	Kalutara	PS-1104	104	Bulathsinhala	6.6504248	80.17703	071-8591702	034-2282292	034-2283122
Western	LK-1	Kalutara	PS-1105	105	Thebuwana	6.654997400000001	80.05818289999999	071-8591703	-	034-2242122
Western	LK-1	Kalutara	PS-1106	106	Baduraliya	6.516756099999999	80.22671629999999	071-8591705	-	034-2244422
Western	LK-1	Kalutara	PS-1107	107	Meegahathenna	6.436941300000001	80.1942998	071-8591706	-	034-2284022
Western	LK-1	Kalutara	PS-1108	108	Thiniyawala	6.410453899999999	80.3286262	071-8591707	-	091-3783119
Western	LK-1	Kalutara	PS-1111	111	Mattegoda	6.815277	79.9721359	071-8592207	-	011-2783776
Central	LK-2	Kandy	PS-2001	1	Kandy	7.292947799999999	80.64236819999999	071-8591045	081-2222226	081-2222222
Central	LK-2	Kandy	PS-2002	2	Dalada Maligawa	7.292947799999999	80.64236819999999	071-8591046	-	081-2225722
Central	LK-2	Kandy	PS-2003	3	Katugastota	7.332014399999999	80.62300599999999	071-8591048	081-2499383	081-2499222
Central	LK-2	Kandy	PS-2004	4	Ankumbura	7.4388263	80.5719388	071-8591049	-	066-2240222
Central	LK-2	Kandy	PS-2005	5	Galagedara	7.3736827	80.52615449999999	071-8591050	-	081-2461222
Central	LK-2	Kandy	PS-2006	6	Hatharaliyadda	7.336886000000001	80.47181429999999	071-8591051	-	081-2464456
Central	LK-2	Kandy	PS-2007	7	Thalathuoya	7.251660099999999	80.68952809999999	071-8591054	-	081-2404384
Central	LK-2	Kandy	PS-2008	8	Hanguranketha	7.176511499999999	80.7773879	071-8591055	081-2369223	081-2369222
Central	LK-2	Kandy	PS-2009	9	Pallekele	7.279687999999999	80.6829453	071-8591056	-	081-2423157
Central	LK-2	Kandy	PS-2010	10	Peradeniya	7.267283399999999	80.6019012	071-8591058	081-2388033	081-2388222
Central	LK-2	Kandy	PS-2011	11	Daulagala	7.227282600000001	80.57440869999999	071-8591059	-	081-2315032
Central	LK-2	Kandy	PS-2012	12	Kadugannawa	7.256285499999999	80.5169075	071-8591060	081-2571416	081-2571222
Central	LK-2	Kandy	PS-2013	13	Alawathugoda	7.388279700000001	80.61882399999999	071-8591062	-	066-2244322
Central	LK-2	Kandy	PS-2014	14	Welambada	7.201767599999999	80.5441658	071-8592131	-	081-2077737
Central	LK-2	Kandy	PS-2015	15	Poojapitiya	7.3729379	80.5876189	071-8592130	-	081-2307230
Central	LK-2	Gampola	PS-2016	16	Gampola	7.1329414	80.56799	071-8591073	081-2352319	081-2352222
Central	LK-2	Gampola	PS-2017	17	Pussellawa	7.1153343	80.63555319999999	071-8591074	081-2478360	081-2478222
Central	LK-2	Gampola	PS-2018	18	Nawa Kurunduwatta	7.1263573	80.53028599999999	071-8591075	081-2357222	081-2350406
Central	LK-2	Gampola	PS-2019	19	Nawalapitiya	7.057354900000001	80.53607500000001	071-8591077	054-2222427	054-2222222
Central	LK-2	Gampola	PS-2020	20	Galaha	7.1960745	80.66996069999999	071-8591078	-	081-2467222
Central	LK-2	Matale	PS-2021	21	Matale	7.4627889	80.6262106	071-8591082	066-2222226	066-2222222
Central	LK-2	Matale	PS-2022	22	Rattota	7.5206842	80.67880869999999	071-8591083	066-2255224	066-2255222
Central	LK-2	Matale	PS-2023	23	Mahawela	7.5892475	80.6102695	071-8591084	-	066-2247222
Central	LK-2	Matale	PS-2024	24	Yatawatta	7.563527	80.56796709999999	071-8591085	-	066-2056888
Central	LK-2	Matale	PS-2025	25	Laggala	7.5496339	80.8354282	071-8591087	-	066-3669224
Central	LK-2	Matale	PS-2026	26	Naula	7.6920512	80.6496304	071-8591088	-	066-2246222
Central	LK-2	Matale	PS-2027	27	Wilgamuwa	7.5420122	80.9164957	071-8591089	-	066-2250092
Central	LK-2	Matale	PS-2028	28	Dambulla	7.862080300000001	80.6491662	071-8591091	066-2284703	066-2275222
Central	LK-2	Matale	PS-2029	29	Galewela	7.7632438	80.57414899999999	071-8591092	-	066-2289222
Central	LK-2	Matale	PS-2030	30	Sigiriya	7.9424301	80.73250209999999	071-8591093	-	066-2286222
Central	LK-2	Nuwaraeliya	PS-2031	31	Nuwaraeliya	6.9741478	80.7676274	071-8591097	052-2222226	052-2222222
Central	LK-2	Nuwaraeliya	PS-2032	32	Pudalu oya	6.9072887	79.86381899999999	071-8591098	051-2233422	051-2233222
Central	LK-2	Nuwaraeliya	PS-2033	33	Nanuoya	6.939691900000001	80.74418490000001	071-8591099	052-2222667	052-2222722
Central	LK-2	Nuwaraeliya	PS-2034	34	Kotmale	7.0636017	80.6850539	071-8591100	052-2259544	052-2259877
Central	LK-2	Nuwaraeliya	PS-2035	35	Kandapola	6.997489099999999	80.8236352	071-8591101	052-2229889	052-2229522
Central	LK-2	Nuwaraeliya	PS-2036	36	Thalawakale	6.9381982	80.66210520000001	071-8591103	052-2258579	052-2258222
Central	LK-2	Nuwaraeliya	PS-2037	37	Agarapathana	6.8838095	80.69283399999999	071-8591104	051-2230332	051-2230222
Central	LK-2	Nuwaraeliya	PS-2038	38	Lindula	6.9270273	80.68674419999999	071-8591105	052-2258411	052-2258340
Central	LK-2	Nuwaraeliya	PS-2039	39	Dimbulapathana	6.952216399999999	80.628292	071-8591106	051-2244427	051-2244222
Central	LK-2	Nuwaraeliya	PS-2040	40	Dayagama	6.8546425	80.7489183	071-8591107	-	051-2230003
Central	LK-2	Nuwaraeliya	PS-2041	41	Walapone	7.093347899999999	80.8625134	071-8591109	052-2279351	052-2279122
Central	LK-2	Nuwaraeliya	PS-2042	42	Ragala	7.0123475	80.858498	071-8591110	052-2265788	052-2265222
Central	LK-2	Nuwaraeliya	PS-2043	43	Udupussellawa	6.9582543	80.9302915	071-8591111	052-2269388	052-2269322
Central	LK-2	Nuwaraeliya	PS-2044	44	Maturata	7.0798732	80.8018711	071-8591112	052-2287445	052-2287022
Central	LK-2	Nuwaraeliya	PS-2045	45	Theripaha	7.074367	80.9182421	071-8591113	-	052-3527208
Central	LK-2	Nuwaraeliya	PS-2046	46	Mandaram Nuwara	7.038015199999999	80.7822146	071-8592125	-	052-3055557
Central	LK-2	Nuwaraeliya	PS-2047	47	Pattipola	6.8566204	80.8313855	071-8592127	-	011-3024227
Central	LK-2	Hatton	PS-2048	48	Hatton	6.8983949	80.5963669	071-8591117	051-2222520	051-2222222
Central	LK-2	Hatton	PS-2049	49	Watawala	6.9456909	80.5378812	071-8591118	-	051-2237022
Central	LK-2	Hatton	PS-2050	50	Ginigathhena	6.9891362	80.4940274	071-8591120	051-2242355	051-2242222
Central	LK-2	Hatton	PS-2051	51	Nortonbridge	6.913699299999999	80.5209768	071-8591121	051-2232206	051-2232222
Central	LK-2	Hatton	PS-2052	52	Nallathanni	7.0788917	79.8596955	071-8591122	052-2022500	052-2055522
Central	LK-2	Hatton	PS-2053	53	Bogawanthalawa	6.794514299999999	80.6795535	071-8591124	-	052-2267522
Central	LK-2	Hatton	PS-2054	54	Norwood	6.8371952	80.6142395	071-8591125	-	051-2240222
Central	LK-2	Hatton	PS-2055	55	Maskeliya	6.913699299999999	80.5209768	071-8591126	-	052-2277222
Central	LK-2	Theldeniya	PS-2056	56	Theldeniya	7.309853299999999	80.76425979999999	071-8591066	081-2375719	081-2374073
Central	LK-2	Theldeniya	PS-2057	57	Wattegama	7.3506027	80.6833497	071-8591063	081-2476328	081-2476222
Central	LK-2	Theldeniya	PS-2058	58	Ududumbara	7.318132800000001	80.8791	071-8591068	-	081-2402222
Central	LK-2	Theldeniya	PS-2059	59	Manikhinna	7.3171707	80.7022525	071-8591053	-	081-2374222
Central	LK-2	Theldeniya	PS-2060	60	Rangala	7.3308997	80.7735594	071-8591069	-	081-2400222
Central	LK-2	Theldeniya	PS-2061	61	Panwila	7.3623551	80.7137311	071-8591065	081-2472223	081-2472222
Central	LK-2	Theldeniya	PS-2062	62	Hasalaka	7.353096499999999	80.9544403	071-8591067	-	055-2257122
Southern	LK-3	Matara	PS-3001	1	Matara	5.9490397	80.5336586	071-8591436	041-2222727	041-2222223
Southern	LK-3	Matara	PS-3002	2	Gandara	5.9416293	80.614037	071-8591437	041-2259159	041-2259222
Southern	LK-3	Matara	PS-3003	3	Dikwella	5.9642961	80.6931978	071-8591438	041-2255277	041-2255222
Southern	LK-3	Matara	PS-3004	4	Thihagoda	6.0133095	80.5679316	071-8591439	041-2245271	041-2245222
Southern	LK-3	Matara	PS-3005	5	Kamburupitiya	6.0738748	80.56457879999999	071-8591440	041-2292223	041-2292222
Southern	LK-3	Matara	PS-3006	6	Hakmana	6.0848242	80.643227	071-8591442	041-2286223	041-2286222
Southern	LK-3	Matara	PS-3007	7	Morawaka	6.2567767	80.49365449999999	071-8591443	041-2282323	041-2282222
Southern	LK-3	Matara	PS-3008	8	Urubokka	6.3102572	80.6290135	071-8591444	041-2272223	041-2272222
Southern	LK-3	Matara	PS-3009	9	Mawarala	6.198061	80.58704519999999	071-8591445	041-2291348	041-2291222
Southern	LK-3	Matara	PS-3010	10	Deniyaya	6.341435499999999	80.55871929999999	071-8591446	041-2273710	041-2273222
Southern	LK-3	Matara	PS-3011	11	Weligama	5.9733015	80.4264547	071-8591448	041-2250226	041-2250222
Southern	LK-3	Matara	PS-3012	12	Akuressa	6.0990441	80.47760009999999	071-8591449	041-2283530	041-2283222
Southern	LK-3	Matara	PS-3013	13	Kananke	6.0413723	80.4072219	071-8591450	-	091-2286822
Southern	LK-3	Matara	PS-3014	14	Pitabeddara	6.2036747	80.4750037	071-8591451	-	041-2281262
Southern	LK-3	Matara	PS-3015	15	Kotawila	5.967552599999999	80.4939212	071-8592137	041-2232001	041-2237457
Southern	LK-3	Matara	PS-3016	16	Kosmodara	6.2900186	80.5603374	071-8592129	-	041-2271222
Southern	LK-3	Matara	PS-3017	17	Malimbada	6.0105029	80.5174376	071-8592143	-	041-2241222
Southern	LK-3	Matara	PS-3018	18	Rotumba	6.229548400000001	80.5590967	071-8592139	-	041-3021874
Southern	LK-3	Matara	PS-3019	19	Deyyandara	6.198061	80.58704519999999	071-8592140	-	041-2268783
Southern	LK-3	Galle	PS-3020	20	Galle	6.032983199999999	80.2171401	071-8591455	091-2234962	091-2222222
Southern	LK-3	Galle	PS-3021	21	Ratgama	6.1451151	80.09969330000001	071-8591456	091-2267575	091-2267222
Southern	LK-3	Galle	PS-3022	22	Hikkaduwa	6.1451151	80.09969330000001	071-8591457	-	091-2277222
Southern	LK-3	Galle	PS-3023	23	Akmeemana	6.0734534	80.27662749999999	071-8591459	-	091-2234223
Southern	LK-3	Galle	PS-3024	24	Wanduramba	6.125699699999999	80.2529855	071-8591460	-	091-2292292
Southern	LK-3	Galle	PS-3025	25	Yakkalamulla	6.1061857	80.3481517	071-8591461	-	091-2286022
Southern	LK-3	Galle	PS-3026	26	Poddala	6.1214493	80.21062909999999	071-8591462	091-3903300	091-2292322
Southern	LK-3	Galle	PS-3027	27	Habaraduwa	5.9871001	80.3270979	071-8591464	091-2283281	091-2283344
Southern	LK-3	Galle	PS-3028	28	Ahangama	5.972267200000001	80.365256	071-8591465	-	091-2283222
Southern	LK-3	Galle	PS-3029	29	Galle Harbour	6.0330609	80.2342661	071-8591466	-	091-2234122
Southern	LK-3	Galle	PS-3030	30	Nagoda	6.1976163	80.2747071	071-8591468	-	091-2296422
Southern	LK-3	Galle	PS-3031	31	Hiniduma	6.3295166	80.3224422	071-8591469	-	091-3783333
Southern	LK-3	Galle	PS-3032	32	Neluwa	6.379651099999999	80.35895579999999	071-8591470	-	091-3783009
Southern	LK-3	Galle	PS-3033	33	Udugama	6.210944	80.33961649999999	071-8591471	-	091-2285022
Southern	LK-3	Galle	PS-3034	34	Imaduwa	6.0343895	80.39105529999999	071-8592156	091-2286011	091-3090222
Southern	LK-3	Elpitiya	PS-3035	35	Elpitiya	6.279163199999999	80.1429167	071-8591475	091-2291226	091-2291222
Southern	LK-3	Elpitiya	PS-3036	36	Uragasmanhandiya	6.343756099999999	80.0806791	071-8591476	-	091-2264062
Southern	LK-3	Elpitiya	PS-3037	37	Pitigala	6.335202	80.2211487	071-8591477	-	091-2291224
Southern	LK-3	Elpitiya	PS-3038	38	Karandeniya	6.271732399999999	80.0847896	071-8591478	-	091-2255458
Southern	LK-3	Elpitiya	PS-3039	39	Baddegama	6.172566300000001	80.1749665	071-8591480	-	091-2292222
Southern	LK-3	Elpitiya	PS-3041	41	Meetiyagoda	6.1894217	80.0947221	071-8591481	-	091-2260423
Southern	LK-3	Elpitiya	PS-3042	42	Thelikada	6.125201700000001	80.1807171	071-8591482	-	091-2292323
Southern	LK-3	Elpitiya	PS-3043	43	Ambalangoda	6.2449578	80.0475982	071-8591484	091-2258225	091-2258222
Southern	LK-3	Elpitiya	PS-3044	44	Ahungalla	6.299873	80.0385599	071-8591485	-	091-2264026
Southern	LK-3	Elpitiya	PS-3045	45	Kosgoda	6.335781799999999	80.0301822	071-8591486	-	091-2264022
Southern	LK-3	Elpitiya	PS-3046	46	Bentota	6.422232600000001	79.9968969	071-8591487	-	034-2275022
Southern	LK-3	Tangalle	PS-3047	47	Tangalle	6.023954	80.79725499999999	071-8591491	047-2240223	047-2240222
Southern	LK-3	Tangalle	PS-3048	48	Hungama	6.1112616	80.93264219999999	071-8591492	-	047-2226022
Southern	LK-3	Tangalle	PS-3049	49	Weeraketiya	6.1538993	80.76736989999999	071-8591493	-	047-2246222
Southern	LK-3	Tangalle	PS-3050	50	Angunakolapelessa	6.3219927	80.844883	071-8591494	-	047-2228222
Southern	LK-3	Tangalle	PS-3051	51	Walasmulla	6.154102399999999	80.69825639999999	071-8591496	-	047-2245222
Southern	LK-3	Tangalle	PS-3052	52	Beliatta	6.046936	80.7354084	071-8591497	-	047-2243222
Southern	LK-3	Tangalle	PS-3053	53	Katuwana	6.2697218	80.6909635	071-8591498	-	047-2247390
Southern	LK-3	Tangalle	PS-3054	54	Middeniya	6.2482753	80.7650176	071-8591499	-	047-2247222
Southern	LK-3	Tangalle	PS-3055	55	Sooriyawewa	6.3060221	81.0038735	071-8591501	-	047-2289022
Southern	LK-3	Tangalle	PS-3056	56	Hambantota	6.1258722	81.1252097	071-8591502	047-2220223	047-2220222
Southern	LK-3	Tangalle	PS-3057	57	Ambalantota	6.1251603	81.0239813	071-8591503	047-2223223	047-2223222
Southern	LK-3	Tangalle	PS-3058	58	Tissamaharamaya	6.2610896	81.23672429999999	071-8591505	047-2237233	047-2237222
Southern	LK-3	Tangalle	PS-3059	59	Kataragama	6.4135201	81.33136789999999	071-8591506	047-2235223	047-2235222
Southern	LK-3	Tangalle	PS-3060	60	Lunugamwehera	6.3415436	81.20269909999999	071-8591507	-	047-2237224
Southern	LK-3	Tangalle	PS-3061	61	Weeravila	6.2610896	81.23672429999999	071-8592109	047-2238239	047-2238229
Southern	LK-3	Tangalle	PS-3062	62	Kirinda	6.220796099999999	81.33687739999999	071-8592240	-	047-3489722
Northern	LK-4	Kankasanthurai	PS-4001	1	Kankasanthurai	9.8062378	80.0470304	071-8591318	021-3202305	021-2059907
Northern	LK-4	Kankasanthurai	PS-4002	2	Ilavalai	9.775967399999999	79.9831456	071-8591319	-	021-2211922
Northern	LK-4	Kankasanthurai	PS-4003	3	Achchuweli	6.934132399999999	79.8563053	071-8591320	-	021-2058585
Northern	LK-4	Kankasanthurai	PS-4004	4	Thelippalay	6.9330754	79.857181	071-8591321	-	021-2240222
Northern	LK-4	Kankasanthurai	PS-4005	5	Palali	9.7895521	80.0648799	071-8591323	021-3202668	021-2213900
Northern	LK-4	Kankasanthurai	PS-4006	6	Point Pedro	9.8270184	80.2331865	071-8591324	-	021-2263227
Northern	LK-4	Kankasanthurai	PS-4007	7	Valvettiththurai	9.8232162	80.1696326	071-8591325	-	021-2263573
Northern	LK-4	Kankasanthurai	PS-4008	8	Nelliadi	9.7783968	80.1133025	071-8591326	-	021-2263222
Northern	LK-4	Jaffna	PS-4009	9	Jaffna	9.6599186	80.0109655	071-8591329	021-3211257	021-2222222
Northern	LK-4	Jaffna	PS-4010	10	Manippai	9.7271507	79.9969053	071-8591330	-	021-2255160
Northern	LK-4	Jaffna	PS-4011	11	Chunnakam	9.7453094	80.0291508	071-8591331	-	021-2240323
Northern	LK-4	Jaffna	PS-4012	12	Kayts	9.7286536	79.9477498	071-8591333	021-3205483	021-3215390
Northern	LK-4	Jaffna	PS-4013	13	Delft	9.5267819	79.7019643	071-8591334	021-2215222	021-3213337
Northern	LK-4	Jaffna	PS-4014	14	Vaddukoddai	9.7286536	79.9477498	071-8591335	-	021-2250222
Northern	LK-4	Jaffna	PS-4015	15	Chawakachcheri	9.6664589	80.13238369999999	071-8591337	-	021-2270722
Northern	LK-4	Jaffna	PS-4016	16	Kopai	9.6868875	80.0385599	071-8591338	-	021-2224022
Northern	LK-4	Jaffna	PS-4017	17	Kodikamam	9.6664589	80.13238369999999	071-8591339	-	021-2050222
Northern	LK-4	Vavuniya	PS-4018	18	Kanagarayankulam	9.084930199999999	80.4798575	071-8591358	021-3205956	024-2051336
Northern	LK-4	Vavuniya	PS-4019	19	Vavuniya	8.7544309	80.498604	071-8591343	024-2222226	024-2222222
Northern	LK-4	Vavuniya	PS-4020	20	Irattaperiyakulam	7.0015198	79.95003000000001	071-8591344	-	024-2223522
Northern	LK-4	Vavuniya	PS-4021	21	Nedumkenrni	7.1287213	79.8773709	071-8591362	-	024-2053008
Northern	LK-4	Vavuniya	PS-4022	22	Chettikulam	8.6509806	80.3147589	071-8591346	024-2260945	024-2260907
Northern	LK-4	Vavuniya	PS-4023	23	Omantha	8.8471905	80.49784079999999	071-8591360	-	024-2052704
Northern	LK-4	Vavuniya	PS-4024	24	Puliyankulam	8.9676688	80.5264646	071-8591359	-	024-2051932
Northern	LK-4	Vavuniya	PS-4025	25	Parayanakulam	6.9303851	79.8771612	071-8592115	024-3200558	024-3242448
Northern	LK-4	Vavuniya	PS-4026	26	Ulukkulam	8.6509806	80.3147589	071-8592116	024-3202002	024-3248716
Northern	LK-4	Vavuniya	PS-4027	27	Ma-Maduwa	7.5761973	79.7880033	071-8592117	024-2053205	024-3244755
Northern	LK-4	Vavuniya	PS-4028	28	Puwarasamkulam	6.9095122	79.89515639999999	071-8592118	024-3123200	023-3230827
Northern	LK-4	Vavuniya	PS-4029	29	Echchanmkulam	7.1287213	79.8773709	071-8592123	024-2054242	024-3242891
Northern	LK-4	Vavuniya	PS-4030	30	Bogaswewa	8.8416534	80.62351699999999	071-8592121	-	024-3241716
Northern	LK-4	Kilinochchi	PS-4031	31	Kilinochchi	9.3922647	80.4078464	071-8591349	021-2285457	021-2285467
Northern	LK-4	Kilinochchi	PS-4032	32	Palei	6.900777199999999	79.8726381	071-8591350	-	024-3248093
Northern	LK-4	Kilinochchi	PS-4033	33	Punarin	6.9141145	79.849048	071-8591352	-	021-2060810
Northern	LK-4	Kilinochchi	PS-4034	34	Nachchikudha	6.9072887	79.86381899999999	071-8591353	-	023-3238045
Northern	LK-4	Kilinochchi	PS-4035	35	Mulankavil	9.2544627	80.141528	071-8591354	023-3238043	023-3238052
Northern	LK-4	Kilinochchi	PS-4036	36	Dharmapuram	6.8731075	79.86167019999999	071-8592122	021-2283060	021-2283050
Northern	LK-4	Kilinochchi	PS-4037	37	Akkarayamkulam	6.9330754	79.857181	071-8592193	-	011-3081016
Northern	LK-4	Mannar	PS-4038	38	Mannar	8.9781233	79.91164189999999	071-8591365	023-2222227	023-2222222
Northern	LK-4	Mannar	PS-4039	39	Silawathura	6.891460899999999	79.8561986	071-8591366	-	023-3233677
Northern	LK-4	Mannar	PS-4040	40	Iluppakadawai	6.9072887	79.86381899999999	071-8591368	-	023-2338049
Northern	LK-4	Mannar	PS-4041	41	Wedithalathiu	6.9095122	79.89515639999999	071-8591369	023-2050840	023-2050890
Northern	LK-4	Mannar	PS-4042	42	Thalaimannar	9.0920828	79.7275338	071-8591370	-	023-2281033
Northern	LK-4	Mannar	PS-4043	43	Murunkan	8.8381863	80.03829790000002	071-8591372	-	023-2050353
Northern	LK-4	Mannar	PS-4044	44	Madu	6.9141145	79.849048	071-8591373	-	023-3233678
Northern	LK-4	Mannar	PS-4045	45	Wankala	6.9152663	79.8782896	071-8592119	023-3232364	023-3230836
Northern	LK-4	Mannar	PS-4046	46	Pesale	9.084428599999999	79.8186619	071-8592120	023-2050238	023-3230917
Northern	LK-4	Mulathivu	PS-4047	47	Mankulam	9.1246061	80.44840390000002	071-8591357	021-2060000	021-2060003
Northern	LK-4	Mulathivu	PS-4048	48	Mullativu	9.2128251	80.76015939999999	071-8591376	021-2290119	021-2290120
Northern	LK-4	Mulathivu	PS-4049	49	Pudukuduiruppu	7.0015198	79.95003000000001	071-8591377	-	021-2061616
Northern	LK-4	Mulathivu	PS-4050	50	Muliyaweli	6.9152663	79.8782896	071-8591378	021-2061311	021-3202415
Northern	LK-4	Mulathivu	PS-4051	51	Oddusudan	9.1609828	80.6528214	071-8591380	021-2061767	021-3202417
Northern	LK-4	Mulathivu	PS-4052	52	Welioya	8.980582499999999	80.7735718	071-8591381	025-3857264	025-3259820
Northern	LK-4	Mulathivu	PS-4053	53	Mallavi	9.1378776	80.30725699999999	071-8591361	-	021-2060770
Eastern	LK-5	Batticaloa	PS-5001	1	Batticaloa	7.7179489	81.6992944	071-8591130	065-2224423	065-2224422
Eastern	LK-5	Batticaloa	PS-5002	2	Vavunathive	6.9330754	79.857181	071-8591131	-	065-3647515
Eastern	LK-5	Batticaloa	PS-5003	3	Kaththankudi	7.7159792	81.69875739999999	071-8591132	-	065-2246595
Eastern	LK-5	Batticaloa	PS-5004	4	Eravur	7.7159792	81.69875739999999	071-8591134	-	065-2240487
Eastern	LK-5	Batticaloa	PS-5005	5	Karadiyanaru	7.7019924	81.537252	071-8591135	065-3646229	065-3646228
Eastern	LK-5	Batticaloa	PS-5006	6	Aiththamalai	6.9072887	79.86381899999999	071-8591136	065-3647514	065-3647513
Eastern	LK-5	Batticaloa	PS-5007	7	Valachchanai	7.9080154	81.5330037	071-8591138	065-2257347	065-2257709
Eastern	LK-5	Batticaloa	PS-5008	8	Kalkudah	7.9192024	81.56562439999999	071-8591139	-	065-2257707
Eastern	LK-5	Batticaloa	PS-5009	9	Wakarai	6.934132399999999	79.8563053	071-8591140	065-3658910	065-3658244
Eastern	LK-5	Batticaloa	PS-5010	10	Kalawanchikudy	7.515908	81.7870512	071-8591142	-	065-2250022
Eastern	LK-5	Batticaloa	PS-5011	11	Vellavali	6.9072887	79.86381899999999	071-8591143	065-2056305	065-2056304
Eastern	LK-5	Batticaloa	PS-5012	12	Kokkadicholai	7.7159792	81.69875739999999	071-8591144	065-3647511	065-2056936
Eastern	LK-5	Ampara	PS-5013	13	Ampara	7.296771399999999	81.6771614	071-8591148	063-2222223	063-2222222
Eastern	LK-5	Ampara	PS-5014	14	Damana	7.200464999999999	81.65465329999999	071-8591149	063-2240195	063-2240022
Eastern	LK-5	Ampara	PS-5015	15	Inginiyagala	7.2204761	81.5453572	071-8591150	063-2242042	063-2242022
Eastern	LK-5	Ampara	PS-5016	16	Uhana	7.362434899999999	81.6360354	071-8591152	063-3634083	063-2250352
Eastern	LK-5	Ampara	PS-5017	17	Bakkiella	7.4892314	81.64366799999999	071-8591153	-	063-3632228
Eastern	LK-5	Ampara	PS-5018	18	Central Camp	7.414282399999999	81.7332567	071-8591154	-	063-2051722
Eastern	LK-5	Ampara	PS-5019	19	Mangalagama	7.5245326	81.53962609999999	071-8591155	-	063-5680120
Eastern	LK-5	Ampara	PS-5020	20	Mahaoya	7.531108499999999	81.356391	071-8591157	063-2244107	063-2244022
Eastern	LK-5	Ampara	PS-5021	21	Dehiaththakandiya	7.672072	81.044241	071-8591158	-	027-2250178
Eastern	LK-5	Ampara	PS-5022	22	Padiyathalawa	7.4011549	81.2435263	071-8591159	-	063-2246222
Eastern	LK-5	Ampara	PS-5023	23	Kalmunai	7.4142888	81.8250058	071-8591161	067-2229226	067-2229222
Eastern	LK-5	Ampara	PS-5024	24	Samanthurai	7.365785	81.8108591	071-8591162	067-2260221	067-2260222
Eastern	LK-5	Ampara	PS-5025	25	Chawalakade	7.4135588	81.7768223	071-8591163	-	067-2229596
Eastern	LK-5	Ampara	PS-5026	26	Akkaraipattu	7.2160844	81.8532541	071-8591165	067-2277239	067-2277222
Eastern	LK-5	Ampara	PS-5027	27	Thirukkovil	7.1139984	81.85221880000002	071-8591166	-	067-2265222
Eastern	LK-5	Ampara	PS-5028	28	Pothuvil	6.8783867	81.826859	071-8591168	-	063-2248022
Eastern	LK-5	Ampara	PS-5029	29	Panama	6.752004299999999	81.7934904	071-8591169	-	063-3639273
Eastern	LK-5	Trincomalee	PS-5030	30	Trincomalee	8.5639457	81.2340229	071-8591174	026-2222227	026-2222222
Eastern	LK-5	Trincomalee	PS-5031	31	Trinco Harbour Police	8.567050199999999	81.2314068	071-8591175	-	026-2222308
Eastern	LK-5	Trincomalee	PS-5032	32	Chinabay	8.5145308	81.1898302	071-8591176	026-2233223	026-2233222
Eastern	LK-5	Trincomalee	PS-5033	33	Kuchchaweli	8.81895	81.10043750000001	071-8591178	026-2252622	026-2252222
Eastern	LK-5	Trincomalee	PS-5034	34	Uppuweli	8.5936136	81.21742979999999	071-8591179	026-2222380	026-2222522
Eastern	LK-5	Trincomalee	PS-5035	35	Pulmudai	6.9152663	79.8782896	071-8591180	026-2256121	026-2256122
Eastern	LK-5	Trincomalee	PS-5036	36	Sripura	8.9296167	80.81428	071-8591181	025-2255062	025-2255054
Eastern	LK-5	Trincomalee	PS-5037	37	Nilawely	6.9330754	79.857181	071-8591182	026-3208062	026-3208061
Eastern	LK-5	Trincomalee	PS-5038	38	Mutur	8.4611326	81.25937080000001	071-8591184	-	026-2238222
Eastern	LK-5	Trincomalee	PS-5039	39	Sampoor	8.443395299999999	81.2673985	071-8591185	026-2051812	026-2051810
Eastern	LK-5	Trincomalee	PS-5040	40	Kinnia	6.9072887	79.86381899999999	071-8591186	-	026-2236222
Eastern	LK-5	Kantale	PS-5041	41	Kantale	8.3561287	81.00773889999999	071-8591190	026-2234223	026-2234222
Eastern	LK-5	Kantale	PS-5042	42	Agbopura	8.3313952	80.9764892	071-8591191	026-2244222	026-2244111
Eastern	LK-5	Kantale	PS-5043	43	Thambalagamuva	6.9072887	79.86381899999999	071-8591192	026-2248221	026-2248022
Eastern	LK-5	Kantale	PS-5044	44	Serunuwara	8.3218631	81.2993217	071-8591194	-	026-2251422
Eastern	LK-5	Kantale	PS-5045	45	Suriyapura	6.8731075	79.86167019999999	071-8591195	026-3208223	026-3208222
Eastern	LK-5	Kantale	PS-5046	46	Wan Ela	8.3561287	81.00773889999999	071-8591196	-	026-2234245
Eastern	LK-5	Kantale	PS-5047	47	Morawewa	8.6303168	81.031386	071-8591198	026-2225822	026-2227223
Eastern	LK-5	Kantale	PS-5048	48	Gomarankadawala	8.6744872	80.96755519999999	071-8591199	026-2255031	026-2255032
North Western	LK-6	Kurunagala	PS-6001	1	Kurunegala	7.485852400000001	80.3641373	071-8591247	037-2222226	037-2222222
North Western	LK-6	Kurunagala	PS-6002	2	Polgahawela	7.333281200000001	80.3003628	071-8591249	037-2243226	037-2243222
North Western	LK-6	Kurunagala	PS-6003	3	Alawwa	7.295909200000001	80.2427704	071-8591250	037-2278127	037-2278122
North Western	LK-6	Kurunagala	PS-6004	4	Pothuhera	7.416243299999999	80.327534	071-8591251	037-2237585	037-2237522
North Western	LK-6	Kurunagala	PS-6005	5	Wariyapola	7.6281286	80.24101859999999	071-8591253	037-2267226	037-2267222
North Western	LK-6	Kurunagala	PS-6006	6	Weerambugedara	7.476107400000001	80.2427968	071-8591254	037-2050222	037-2248019
North Western	LK-6	Kurunagala	PS-6007	7	Wellawa	7.5545227	80.3688956	071-8591255	037-2235101	037-2235062
North Western	LK-6	Kurunagala	PS-6008	8	Gokarella	7.595429599999999	80.480081	071-8591257	037-2250526	037-2250525
North Western	LK-6	Kurunagala	PS-6009	9	Mawathagama	7.432976200000001	80.4499041	071-8591258	037-2299269	037-2299222
North Western	LK-6	Kurunagala	PS-6010	10	Rideegama	7.5892475	80.6102695	071-8591259	037-2252023	037-2252022
North Western	LK-6	Kurunagala	PS-6011	11	Kumbukgatey	6.934132399999999	79.8563053	071-8592128	037-2264202	037-2264202
North Western	LK-6	Kuliyapitiya	PS-6012	12	Kuliyapitiya	7.4712048	80.0241391	071-8591263	037-2281223	037-2281222
North Western	LK-6	Kuliyapitiya	PS-6013	13	Narammala	7.4330921	80.21531759999999	071-8591265	037-2249060	037-2249222
North Western	LK-6	Kuliyapitiya	PS-6014	14	Pannala	7.327738	80.0217614	071-8591266	037-2246036	037-2246022
North Western	LK-6	Kuliyapitiya	PS-6015	15	Giriulla	7.334527	80.125021	071-8591267	037-2288026	037-2288022
North Western	LK-6	Kuliyapitiya	PS-6016	16	Hettipola	7.6067607	80.0816037	071-8591269	037-2291023	037-2291022
North Western	LK-6	Kuliyapitiya	PS-6017	17	Katupotha	7.531173	80.18743769999999	071-8591270	037-2247474	037-2247365
North Western	LK-6	Kuliyapitiya	PS-6018	18	Dummalasooriya	7.4938433	79.9124691	071-8591272	032-2240600	032-2240624
North Western	LK-6	Kuliyapitiya	PS-6019	19	Bingiriya	7.5967992	79.948965	071-8591273	-	032-2246165
North Western	LK-6	Nikaweratiya	PS-6020	20	Nikaweratiya	7.7426122	80.1211774	071-8591277	037-2260361	037-2260222
North Western	LK-6	Nikaweratiya	PS-6021	21	Kobeigane	7.6569338	80.1262828	071-8591278	-	037-2293024
North Western	LK-6	Nikaweratiya	PS-6022	22	Kotawehera	7.809000699999999	80.0779773	071-8591279	-	037-2260322
North Western	LK-6	Nikaweratiya	PS-6023	23	Rasnayakapura	7.776658299999998	80.0126915	071-8591280	-	037-2279974
North Western	LK-6	Nikaweratiya	PS-6024	24	Maho	7.8240007	80.2803799	071-8591282	037-2275223	037-2275222
North Western	LK-6	Nikaweratiya	PS-6025	25	Ambanpola	7.917017599999999	80.2438617	071-8591283	-	037-2253044
North Western	LK-6	Nikaweratiya	PS-6026	26	Polpithigama	7.835529299999999	80.4006371	071-8591284	-	037-2273130
North Western	LK-6	Nikaweratiya	PS-6027	27	Galgamuwa	8.0009324	80.27786669999999	071-8591286	-	037-2253022
North Western	LK-6	Nikaweratiya	PS-6028	28	Meegalewa	8.056704	80.3561631	071-8591287	-	025-2281222
North Western	LK-6	Nikaweratiya	PS-6029	29	Giribawa	8.117314	80.1890615	071-8591288	-	037-2553622
North Western	LK-6	Puttalam	PS-6030	30	Puttalam	8.0299041	79.8343957	071-8591292	032-2265422	032-2265222
North Western	LK-6	Puttalam	PS-6031	31	Anamaduwa	7.874851899999999	80.0131595	071-8591294	032-2263221	032-2263296
North Western	LK-6	Puttalam	PS-6032	32	Pallama	7.691904399999999	79.9225546	071-8591295	-	032-2224929
North Western	LK-6	Puttalam	PS-6033	33	Nawagaththegama	8.0028823	80.1065433	071-8591296	-	032-3323235
North Western	LK-6	Puttalam	PS-6034	34	Wanathawilluwa	8.188136799999999	79.8584474	071-8591298	-	032-3327461
North Western	LK-6	Puttalam	PS-6035	35	Karuwalagaswewa	8.0550657	79.95581729999999	071-8591299	-	032-2267927
North Western	LK-6	Puttalam	PS-6036	36	Saliyawewa	8.1926139	80.09136029999999	071-8591300	-	025-3851754
North Western	LK-6	Puttalam	PS-6037	37	Kalpitiya	8.2351449	79.7645665	071-8591302	032-2260112	032-2260423
North Western	LK-6	Puttalam	PS-6038	38	Mundal	7.8088595	79.82572940000001	0718591303	-	032-3327222
North Western	LK-6	Puttalam	PS-6039	39	Norochcholey	6.900777199999999	79.8726381	071-8592126	032-2268950	032-3297907
North Western	LK-6	Puttalam	PS-6040	40	Udappuwa	7.7596949	79.78851809999999	071-8592175	-	032-5687262
North Western	LK-6	Chilaw	PS-6041	41	Chilaw	7.5761973	79.7880033	071-8591307	032-2222221	032-2222222
North Western	LK-6	Chilaw	PS-6042	42	Madampe	7.494960499999999	79.84026759999999	071-8591308	032-2247222	032-2247622
North Western	LK-6	Chilaw	PS-6043	43	Marawila	7.4150751	79.8397762	071-8591310	032-2252262	032-2254222
North Western	LK-6	Chilaw	PS-6044	44	Koswatta	7.374527599999999	79.898302	071-8591311	-	031-2255223
North Western	LK-6	Chilaw	PS-6045	45	Wennappuwa	7.339622800000001	79.84301669999999	071-8591313	031-2255667	031-2255222
North Western	LK-6	Chilaw	PS-6046	46	Dankotuwa	7.300336700000001	79.88259459999999	071-8591314	031-2259400	031-2258222
North Western	LK-6	Chilaw	PS-6047	47	Arachchikattuwa	7.659439799999999	79.8377725	071-8592176	-	032-2259722
North Central	LK-7	Anuradhapura	PS-7001	1	Anuradapura	8.329752	80.4072654	071-8591203	025-2222229	025-2222222
North Central	LK-7	Anuradhapura	PS-7002	2	Hidogama	8.3157503	80.4203577	071-8591204	-	025-3254167
North Central	LK-7	Anuradhapura	PS-7003	3	Udamaluwa	8.3434445	80.399749	071-8591205	-	025-2221578
North Central	LK-7	Anuradhapura	PS-7004	4	Mihintale	8.3600624	80.5118895	071-8591206	-	025-2266522
North Central	LK-7	Anuradhapura	PS-7005	5	Kekirawa	8.0396925	80.5986497	071-8591208	025-2264226	025-2264222
North Central	LK-7	Anuradhapura	PS-7006	6	Thirappone	6.9072887	79.86381899999999	071-8591209	-	025-2050222
North Central	LK-7	Anuradhapura	PS-7007	7	Eppawala	8.149659999999999	80.4097267	071-8591211	-	025-2249122
North Central	LK-7	Anuradhapura	PS-7008	8	Galnewa	8.0377549	80.47713879999999	071-8591212	025-2269523	025-2269522
North Central	LK-7	Anuradhapura	PS-7009	9	Galkiriyagama	7.9332228	80.5636024	071-8591213	-	025-2052722
North Central	LK-7	Anuradhapura	PS-7010	10	Kebithigollawa	8.8371879	80.7571828	071-8591215	025-2298623	025-2298622
North Central	LK-7	Anuradhapura	PS-7011	11	Medawachchiya	8.5400063	80.4903228	071-8591216	025-2245888	025-2245622
North Central	LK-7	Anuradhapura	PS-7012	12	Padaviya	8.8371879	80.7571828	071-8591217	025-2253146	025-2253222
North Central	LK-7	Anuradhapura	PS-7013	13	Thambuttegama	8.1507725	80.29387410000001	071-8591219	025-2276223	025-2276222
North Central	LK-7	Anuradhapura	PS-7014	14	Rajangane	8.1325	80.2458333	071-8591220	025-3771842	025-3891500
North Central	LK-7	Anuradhapura	PS-7015	15	Nochchiyagama	8.2649177	80.2121751	071-8591221	-	025-2257822
North Central	LK-7	Anuradhapura	PS-7016	16	Thalawa	8.2286935	80.34582929999999	071-8591222	-	025-2276233
North Central	LK-7	Anuradhapura	PS-7017	17	Horowpathana	8.5538785	80.83073449999999	071-8591224	025-2277426	025-2278422
North Central	LK-7	Anuradhapura	PS-7018	18	Kahatagasdigiliya	8.4273281	80.6883493	071-8591225	-	025 - 2247422
North Central	LK-7	Anuradhapura	PS-7019	19	Thanthirimalaya	6.9095122	79.89515639999999	071-8591227	-	025-2245722
North Central	LK-7	Anuradhapura	PS-7020	20	Mahawilachchiya	8.4849868	80.19391089999999	071-8591228	-	025-2223322
North Central	LK-7	Anuradhapura	PS-7021	21	Galenbidunuwewa	8.290369799999999	80.71501049999999	071-8591229	-	025-2258222
North Central	LK-7	Anuradhapura	PS-7022	22	Ipalogama	8.0396925	80.5986497	071-8592124	-	025-2262322
North Central	LK-7	Anuradhapura	PS-7023	23	Parasangaswewa	8.6509806	80.3147589	071-8592157	-	025-3249322
North Central	LK-7	Anuradhapura	PS-7024	24	Moragoda	8.5400063	80.4903228	071-8592158	-	025-3248447
North Central	LK-7	Polonnaruwa	PS-7025	25	Polonnaruwa	7.924307499999999	81.03689469999999	071-8591233	027-2222226	027-2222222
North Central	LK-7	Polonnaruwa	PS-7026	26	Pulasthipura	8.028343099999999	81.0323758	071-8591234	-	027-2242470
North Central	LK-7	Polonnaruwa	PS-7027	27	Welikanda	7.946440600000001	81.2453811	071-8591235	027-2259098	027-2259143
North Central	LK-7	Polonnaruwa	PS-7028	28	Aralaganwila	7.785325100000001	81.18563189999999	071-8591236	027-2257222	027-2222221
North Central	LK-7	Polonnaruwa	PS-7029	29	Hingurakgoda	8.0488191	80.9657514	071-8591238	027-2246224	027-2246222
North Central	LK-7	Polonnaruwa	PS-7030	30	Medirigiriya	8.1508469	80.9844935	071-8591239	027-2448695	027-2248222
North Central	LK-7	Polonnaruwa	PS-7031	31	Habarana	8.039452299999999	80.7566816	071-8591241	066-2270722	066-2270022
North Central	LK-7	Polonnaruwa	PS-7032	32	Bakamuna	7.778789100000001	80.816102	071-8591242	066-2256889	066-2256622
North Central	LK-7	Polonnaruwa	PS-7033	33	Minneriya	8.0363413	80.9044887	071-8591243	027-2245422	027-2247222
Uva	LK-8	Badulla	PS-8001	1	Badulla	6.9913374	81.055246	071-8591511	055-2222226	055-2222222
Uva	LK-8	Badulla	PS-8002	2	Passara	6.9344812	81.15479619999999	071-8591513	055-2288114	055-2288222
Uva	LK-8	Badulla	PS-8003	3	Madolseema	7.0329161	81.16553979999999	071-8591514	-	055-2263822
Uva	LK-8	Badulla	PS-8004	4	Lunugala	7.0476915	81.2033898	071-8591515	-	055-2263922
Uva	LK-8	Badulla	PS-8005	5	Mahiyangane	7.334974600000001	80.9931083	071-8591517	-	055-2257222
Uva	LK-8	Badulla	PS-8006	6	Giradurukotte	7.4691384	81.0169384	071-8591518	-	027-2254222
Uva	LK-8	Badulla	PS-8007	7	Kandaketiya	7.1955512	81.0195804	071-8591519	-	055-2245622
Uva	LK-8	Badulla	PS-8008	8	Haliela	6.958216299999999	81.0344468	071-8592142	055-2295988	055-2295990
Uva	LK-8	Badulla	PS-8009	9	Redeemaliyadda / (Kanugolla)	7.214662199999999	81.1244923	071-8592141	-	055-2268117
Uva	LK-8	Bandarawela	PS-8010	10	Bandarawela	6.831526299999999	80.9867836	071-8591523	057-2222226	057-2222222
Uva	LK-8	Bandarawela	PS-8011	11	Ella	6.8766091	81.04827630000001	071-8591524	057-2228850	057-2228522
Uva	LK-8	Bandarawela	PS-8012	12	Welimada	6.900481399999999	80.9058094	071-8591526	057-2244700	057-2245222
Uva	LK-8	Bandarawela	PS-8013	13	Uvaparanagama	6.958341099999999	80.93036440000002	071-8591527	057-2232727	057-2232765
Uva	LK-8	Bandarawela	PS-8014	14	Etempitiya	6.9582543	80.9302915	071-8591528	055-2295466	055-2294965
Uva	LK-8	Bandarawela	PS-8015	15	Haputale	6.767652699999999	80.95721809999999	071-8591530	057-2268700	057-2268022
Uva	LK-8	Bandarawela	PS-8016	16	Diyathalawa	6.806036600000001	80.9602524	071-8591531	057-2229977	057-2229022
Uva	LK-8	Bandarawela	PS-8017	17	Koslanda	6.7365885	81.016126	071-8591532	-	057-2257848
Uva	LK-8	Bandarawela	PS-8019	19	Bogahakumbura	6.8536002	80.8667876	071-8592160	057-2280119	057-2281221
Uva	LK-8	Monaragala	PS-8021	21	Monaragala	6.869866099999999	81.3481058	071-8591536	055-2276223	055-2276222
Uva	LK-8	Monaragala	PS-8022	22	Siyambalanduwa	6.9068508	81.5475976	071-8591537	-	055-2279222
Uva	LK-8	Monaragala	PS-8023	23	Dambagalla	6.978805599999999	81.37203690000001	071-8591538	-	055-2275222
Uva	LK-8	Monaragala	PS-8024	24	Athimale	6.9072887	79.86381899999999	071-8591539	-	055-2275622
Uva	LK-8	Monaragala	PS-8025	25	Bibila	7.165232400000001	81.2254634	071-8591541	-	055-2265422
Uva	LK-8	Monaragala	PS-8026	26	Medagama	7.0336078	81.2767075	071-8591542	-	055-2266522
Uva	LK-8	Monaragala	PS-8027	27	Buttala	6.7624985	81.25044539999999	071-8591543	055-2276223	055-2273922
Uva	LK-8	Monaragala	PS-8028	28	Badalkumbura	6.889016799999999	81.235441	071-8591544	-	055-2250222
Uva	LK-8	Monaragala	PS-8029	29	Gonaganara	6.6255617	81.2691763	071-8591545	-	055-3594169
Uva	LK-8	Monaragala	PS-8030	30	wellawaya	6.7308045	81.100708	071-8591547	055-2274578	055-2274822
Uva	LK-8	Monaragala	PS-8031	31	Thanamalwila	6.4376956	81.1310506	071-8591549	047-2285022	047-2234022
Uva	LK-8	Monaragala	PS-8032	32	Hambegamuwa	6.5457911	80.9478664	071-8591550	-	047-3620033
Uva	LK-8	Monaragala	PS-8033	33	Mahakalugolla	6.752004299999999	81.7934904	071-8592132	-	055-5613106
Uva	LK-8	Monaragala	PS-8034	34	Kudaoya	6.5237773	81.123696	071-8592133	-	055-3590731
Uva	LK-8	Monaragala	PS-8035	35	Okkampitiya	6.7510721	81.3066468	071-8592134	-	055-3597895
Uva	LK-8	Monaragala	PS-8036	36	Karandugala	6.934132399999999	79.8563053	071-8592135	-	055-3050922
Uva	LK-8	Monaragala	PS-8037	37	14 Miles (Govindapura)	6.9152663	79.8782896	071-8592136	-	055-3590727
Sabaragamuwa	LK-9	Ratnapura	PS-9001	1	Ratnapura	6.6794555	80.4022301	071-8591385	045-2222897	045-2222222
Sabaragamuwa	LK-9	Ratnapura	PS-9002	2	Wewalwatta	6.7072018	80.5555693	071-8591386	-	045-2226122
Sabaragamuwa	LK-9	Ratnapura	PS-9003	3	Balangoda	6.6494742	80.70027639999999	071-8591388	045-2287422	045-2287222
Sabaragamuwa	LK-9	Ratnapura	PS-9004	4	Opanayaka	6.608518999999999	80.6192851	071-8591389	-	045-2270122
Sabaragamuwa	LK-9	Ratnapura	PS-9005	5	Kaltota	6.6494742	80.70027639999999	071-8591390	-	047-3489291
Sabaragamuwa	LK-9	Ratnapura	PS-9006	6	Weligepola	6.5964259	80.72369479999999	071-8591391	045-2227122	045-2227222
Sabaragamuwa	LK-9	Ratnapura	PS-9007	7	Kahawatta	6.591433899999999	80.56892959999999	071-8591393	045-2270488	045-2270822
Sabaragamuwa	LK-9	Ratnapura	PS-9008	8	Rakwana	6.4701332	80.6136843	071-8591394	045-2246231	045-2246222
Sabaragamuwa	LK-9	Ratnapura	PS-9009	9	Ayagama	6.6377266	80.3125537	071-8591397	-	045-2250122
Sabaragamuwa	LK-9	Ratnapura	PS-9010	10	Kalawana	6.5307378	80.3907193	071-8591398	045-2255922	045-2255222
Sabaragamuwa	LK-9	Ratnapura	PS-9011	11	Nivithigala	6.5927653	80.4594925	071-8591399	045-2279223	045-2279222
Sabaragamuwa	LK-9	Ratnapura	PS-9012	12	Kuruwita	6.7788391	80.364712	071-8591401	045-2262223	045-2262222
Sabaragamuwa	LK-9	Ratnapura	PS-9013	13	Ehaliyagoda	6.854602799999999	80.2604459	071-8591402	036-2258390	036-2258222
Sabaragamuwa	LK-9	Ratnapura	PS-9014	14	Kiriella	6.735338199999999	80.276481	071-8591403	-	045-2265822
Sabaragamuwa	LK-9	Ratnapura	PS-9015	15	Pinnawala	7.299942600000001	80.38660380000002	071-8592108	-	0113024301
Sabaragamuwa	LK-9	Ratnapura	PS-9016	16	Siripagama	6.7835867	80.4322004	071-8592144	045-3451122	045-3471122
Sabaragamuwa	LK-9	Ratnapura	PS-9017	17	Pelmadulla	6.6326917	80.5213148	071-8592145	-	045-2276322
Sabaragamuwa	LK-9	Kagalle	PS-9018	18	Kegalle	7.255927999999999	80.3531564	071-8591413	035-2222226	035-2222222
Sabaragamuwa	LK-9	Kagalle	PS-9019	19	Wrakapola	7.2274882	80.1996961	071-8591414	035-2267967	035-2267222
Sabaragamuwa	LK-9	Kagalle	PS-9020	20	Aranayaka	7.1865055	80.4552734	071-8591415	-	035-2258022
Sabaragamuwa	LK-9	Kagalle	PS-9021	21	Dedigama	7.204340999999999	80.261769	071-8591417	-	035-2282126
Sabaragamuwa	LK-9	Kagalle	PS-9022	22	Mawanella	7.2569656	80.44591249999999	071-8591418	035-2247222	035-2246222
Sabaragamuwa	LK-9	Kagalle	PS-9023	23	Rambukkana	7.324319	80.38780779999999	071-8591419	035-2265333	035-3265222
Sabaragamuwa	LK-9	Kagalle	PS-9024	24	Pindeniya	7.1564856	80.2950919	071-8591421	-	035-2289022
Sabaragamuwa	LK-9	Kagalle	PS-9025	25	Hemmathagama	7.175401799999999	80.5002916	071-8591422	035-2257116	035-2257622
Sabaragamuwa	LK-9	Seethawakapura	PS-9026	26	Awissawella	6.947538499999999	80.2154216	071-8591425	036-2222380	036-2222222
Sabaragamuwa	LK-9	Seethawakapura	PS-9027	27	Kosgama	6.9465971	80.1378687	071-8591426	036-2255026	036-2255022
Sabaragamuwa	LK-9	Seethawakapura	PS-9028	28	Deraniyagala	6.935815499999999	80.33499809999999	071-8591427	-	036-2249222
Sabaragamuwa	LK-9	Seethawakapura	PS-9029	29	Ruwanwella	7.046188799999999	80.2541736	071-8591429	036-2267522	036-2266222
Sabaragamuwa	LK-9	Seethawakapura	PS-9030	30	Yatiyantota	7.0272068	80.2907529	071-8591430	-	036-2270224
Sabaragamuwa	LK-9	Seethawakapura	PS-9031	31	Kithulgala	6.9951078	80.4124868	071-8591431	-	036-2287522
Sabaragamuwa	LK-9	Seethawakapura	PS-9032	32	Bulathkohupitiya	7.1066843	80.3347002	071-8591432	-	036-2247222
Sabaragamuwa	LK-9	Embilipitiya	PS-9033	33	Godakawela	6.502239599999999	80.65564239999999	071-8591395	045-2240323	045-2240222
Sabaragamuwa	LK-9	Embilipitiya	PS-9034	34	Udawalawa	6.422660500000001	80.8142934	071-8591409	-	047-3472222
Sabaragamuwa	LK-9	Embilipitiya	PS-9035	35	Kolonna	6.401940499999999	80.687615	071-8591407	-	045-2260222
Sabaragamuwa	LK-9	Embilipitiya	PS-9036	36	Panamure	6.401940499999999	80.687615	071-8591408	-	047-3489294
Sabaragamuwa	LK-9	Embilipitiya	PS-9037	37	Embilipitiya	6.3219927	80.844883	071-8591405	047-2230223	047-2230222
Sabaragamuwa	LK-9	Embilipitiya	PS-9038	38	Kuttigala	6.260474599999999	80.90738859999999	071-8591406	-	047-3489290
Sabaragamuwa	LK-9	Embilipitiya	PS-9039	39	Sewanagala	6.3606627	80.9185553	071-8591548	047-2231321	047-2231322